,annotator,image,label,pk,x,y
0,tommy,Schitos2.jpg,Schistocyte,2499,2528,1395
1,tommy,Schitos2.jpg,Schistocyte,2500,2409,1516
2,tommy,Schitos2.jpg,Schistocyte,2501,2237,1503
3,tommy,Schitos2.jpg,Schistocyte,2502,2450,1235
4,tommy,Schitos2.jpg,Schistocyte,2503,1980,1236
5,tommy,Schitos2.jpg,Schistocyte,2504,2137,1291
6,tommy,Schitos2.jpg,Schistocyte,2505,1900,995
7,tommy,Schitos2.jpg,Schistocyte,2506,1864,986
8,tommy,Schitos2.jpg,Schistocyte,2507,1817,925
9,tommy,Schitos2.jpg,Schistocyte,2508,2429,826
10,tommy,Schitos2.jpg,Schistocyte,2509,2455,433
11,tommy,Schitos2.jpg,Schistocyte,2510,2739,495
12,tommy,Schitos2.jpg,Schistocyte,2511,2300,298
13,tommy,Schitos2.jpg,Schistocyte,2512,1895,375
14,tommy,Schitos2.jpg,Schistocyte,2513,1157,206
15,tommy,Schitos2.jpg,Schistocyte,2514,995,163
16,tommy,Schitos2.jpg,Schistocyte,2515,975,384
17,tommy,Schitos2.jpg,Schistocyte,2516,1415,406
18,tommy,Schitos2.jpg,Schistocyte,2517,1516,564
19,tommy,Schitos2.jpg,Schistocyte,2518,952,764
20,tommy,Schitos2.jpg,Schistocyte,2519,981,820
21,tommy,Schitos2.jpg,Schistocyte,2520,1251,635
22,tommy,Schitos2.jpg,Schistocyte,2521,1251,826
23,tommy,Schitos2.jpg,Schistocyte,2522,1337,840
24,tommy,Schitos2.jpg,Schistocyte,2523,1392,715
25,tommy,Schitos2.jpg,Schistocyte,2524,1540,1100
26,tommy,Schitos2.jpg,Schistocyte,2525,1629,989
27,tommy,Schitos2.jpg,Schistocyte,2526,1694,1114
28,tommy,Schitos2.jpg,Schistocyte,2527,1219,1235
29,tommy,Schitos2.jpg,Schistocyte,2528,1192,1199
30,tommy,Schitos2.jpg,Schistocyte,2529,1205,1068
31,tommy,Schitos2.jpg,Schistocyte,2530,831,1124
32,tommy,Schitos2.jpg,Schistocyte,2531,1735,1473
33,tommy,Schitos2.jpg,Schistocyte,2532,1960,1770
34,tommy,Schitos2.jpg,Schistocyte,2533,1667,1796
35,tommy,Schitos2.jpg,Schistocyte,2534,997,1535
36,tommy,Schitos2.jpg,Schistocyte,2535,941,1501
37,tommy,Schitos2.jpg,Schistocyte,2536,1160,1959
38,tommy,Schitos2.jpg,Schistocyte,2537,1177,1934
39,tommy,Schitos2.jpg,Schistocyte,2538,1149,2309
40,tommy,Schitos2.jpg,Schistocyte,2539,1324,2306
41,tommy,Schitos2.jpg,Schistocyte,2540,1361,2380
42,tommy,Schitos2.jpg,Schistocyte,2541,1704,2398
43,tommy,Schitos2.jpg,Schistocyte,2542,2085,2291
44,tommy,Schitos2.jpg,Schistocyte,2543,759,2169
45,tommy,Schitos2.jpg,Schistocyte,2544,809,2400
46,tommy,Schitos2.jpg,Schistocyte,2545,575,2088
47,tommy,Schitos2.jpg,Schistocyte,2546,810,1920
48,tommy,Schitos2.jpg,Schistocyte,2547,346,1804
49,tommy,Schitos2.jpg,Schistocyte,2548,590,1886
50,tommy,Schitos2.jpg,Schistocyte,2549,355,1686
51,tommy,Schitos2.jpg,Schistocyte,2550,402,1496
52,tommy,Schitos2.jpg,Schistocyte,2551,790,1569
53,tommy,Schitos2.jpg,Schistocyte,2552,580,1243
54,tommy,Schitos2.jpg,Schistocyte,2553,291,724
55,tommy,Schitos.jpg,Schistocyte,2554,2006,1307
56,tommy,Schitos.jpg,Schistocyte,2555,2100,1623
57,tommy,Schitos.jpg,Schistocyte,2556,2359,1451
58,tommy,Schitos.jpg,Schistocyte,2557,2620,1688
59,tommy,Schitos.jpg,Schistocyte,2558,2417,880
60,tommy,Schitos.jpg,Schistocyte,2559,1167,2077
61,tommy,Schitos.jpg,Schistocyte,2560,1122,1964
62,tommy,Schitos.jpg,Schistocyte,2561,902,2150
63,tommy,Schitos.jpg,Schistocyte,2562,993,2120
64,tommy,Schitos.jpg,Schistocyte,2563,1676,1741
65,tommy,Schitos.jpg,Schistocyte,2564,2019,2687
66,tommy,Schitos.jpg,Schistocyte,2565,1039,2727
67,tommy,Schitos.jpg,Schistocyte,2566,574,2447
68,tommy,Schitos.jpg,Schistocyte,2567,827,1897
69,tommy,Schitos.jpg,Schistocyte,2568,320,1850
70,tommy,Schitos.jpg,Schistocyte,2569,932,1074
71,tommy,Schistos1.jpg,Schistocyte,2570,711,1370
72,tommy,Schistos1.jpg,Schistocyte,2571,1266,1342
73,tommy,Schistos1.jpg,Schistocyte,2572,265,1302
74,tommy,Schistos1.jpg,Schistocyte,2573,516,1977
75,tommy,Schistos1.jpg,Schistocyte,2574,683,2127
76,tommy,Schistos1.jpg,Schistocyte,2575,826,2117
77,tommy,Schistos1.jpg,Schistocyte,2576,553,2194
78,tommy,Schistos1.jpg,Schistocyte,2577,598,1839
79,tommy,Schistos1.jpg,Schistocyte,2578,1198,2630
80,tommy,Schistos1.jpg,Schistocyte,2579,1528,2147
81,tommy,Schistos1.jpg,Schistocyte,2580,1611,2014
82,tommy,Schistos1.jpg,Schistocyte,2581,1612,2047
83,tommy,Schistos1.jpg,Schistocyte,2582,1288,950
84,tommy,Schistos1.jpg,Schistocyte,2583,1708,822
85,tommy,Schistos1.jpg,Schistocyte,2584,503,270
86,tommy,Schistos1.jpg,Schistocyte,2585,708,192
87,tommy,Schistos1.jpg,Schistocyte,2586,792,503
88,tommy,Schistos1.jpg,Schistocyte,2587,2401,1110
89,tommy,Schistos1.jpg,Schistocyte,2588,2746,929
90,tommy,Schistos1.jpg,Schistocyte,2589,1522,44
91,tommy,Schistos1.jpg,Schistocyte,2590,2415,1593
92,tommy,Schitos2.jpg,Schistocyte,2707,2566,2371
93,rick,Schitos2.jpg,Schistocyte,2708,824,1118
94,rick,Schitos2.jpg,Schistocyte,2709,924,1264
95,rick,Schitos2.jpg,Schistocyte,2710,1191,1200
96,rick,Schitos2.jpg,Schistocyte,2711,1220,1236
97,rick,Schitos2.jpg,Schistocyte,2712,644,1120
98,rick,Schitos2.jpg,Schistocyte,2713,413,999
99,rick,Schitos2.jpg,Schistocyte,2714,956,767
100,rick,Schitos2.jpg,Schistocyte,2715,852,680
101,rick,Schitos2.jpg,Schistocyte,2716,1248,830
102,rick,Schitos2.jpg,Schistocyte,2717,1205,1070
103,rick,Schitos2.jpg,Schistocyte,2718,1543,1102
104,rick,Schitos2.jpg,Schistocyte,2719,1686,1119
105,rick,Schitos2.jpg,Schistocyte,2720,1630,992
106,rick,Schitos2.jpg,Schistocyte,2721,1641,856
107,rick,Schitos2.jpg,Schistocyte,2722,1393,719
108,rick,Schitos2.jpg,Schistocyte,2723,1899,994
109,rick,Schitos2.jpg,Schistocyte,2724,1853,984
110,rick,Schitos2.jpg,Schistocyte,2725,1814,926
111,rick,Schitos2.jpg,Schistocyte,2726,1974,1236
112,rick,Schitos2.jpg,Schistocyte,2727,1736,1470
113,rick,Schitos2.jpg,Schistocyte,2728,2105,1469
114,rick,Schitos2.jpg,Schistocyte,2729,2239,1504
115,rick,Schitos2.jpg,Schistocyte,2730,1960,1772
116,rick,Schitos2.jpg,Schistocyte,2731,1834,1966
117,rick,Schitos2.jpg,Schistocyte,2732,1823,1928
118,rick,Schitos2.jpg,Schistocyte,2733,1358,2382
119,rick,Schitos2.jpg,Schistocyte,2734,1319,2302
120,rick,Schitos2.jpg,Schistocyte,2735,1150,2310
121,rick,Schitos2.jpg,Schistocyte,2736,1428,2347
122,rick,Schitos2.jpg,Schistocyte,2737,1534,2452
123,rick,Schitos2.jpg,Schistocyte,2738,1695,2397
124,rick,Schitos2.jpg,Schistocyte,2739,804,2400
125,rick,Schitos2.jpg,Schistocyte,2740,765,2168
126,rick,Schitos2.jpg,Schistocyte,2741,580,2086
127,rick,Schitos2.jpg,Schistocyte,2742,260,2110
128,rick,Schitos2.jpg,Schistocyte,2743,1548,2534
129,rick,Schitos2.jpg,Schistocyte,2744,2569,2373
130,rick,Schitos2.jpg,Schistocyte,2745,2084,2293
131,rick,Schitos2.jpg,Schistocyte,2746,2411,1520
132,rick,Schitos2.jpg,Schistocyte,2747,2525,1396
133,rick,Schitos2.jpg,Schistocyte,2748,2304,293
134,rick,Schitos2.jpg,Schistocyte,2749,285,723
135,rick,Schitos2.jpg,Schistocyte,2750,45,272
136,rick,Schitos2.jpg,Schistocyte,2751,355,1687
137,rick,Schitos2.jpg,Schistocyte,2752,354,1810
138,rick,Schitos2.jpg,Schistocyte,2753,784,1571
139,rick,Schitos2.jpg,Schistocyte,2754,1002,1532
140,rick,Schitos2.jpg,Schistocyte,2755,942,1501
141,rick,Schitos2.jpg,Schistocyte,2756,578,1242
142,rick,Schitos2.jpg,Schistocyte,2757,808,1914
143,rick,Schitos2.jpg,Schistocyte,2758,1161,1958
144,rick,Schitos2.jpg,Schistocyte,2759,23,836
145,rick,Schitos2.jpg,Schistocyte,2760,2044,56
146,rick,Schitos2.jpg,Schistocyte,2761,2431,831
147,rick,Schitos2.jpg,Schistocyte,2762,1299,2408
148,rick,Schitos2.jpg,Schistocyte,2763,404,1206
149,rick,Schitos2.jpg,Schistocyte,2764,1244,634
150,rick,Schitos2.jpg,Schistocyte,2765,2738,494
151,rick,Schitos2.jpg,Schistocyte,2766,2453,432
152,rick,Schitos2.jpg,Schistocyte,2767,1379,1272
153,rick,Schitos2.jpg,Schistocyte,2768,1722,1309
154,rick,Schitos2.jpg,Schistocyte,2769,1583,2110
155,rick,Schitos2.jpg,Spherocyte,2770,675,2556
156,rick,Schitos2.jpg,Spherocyte,2771,686,2712
157,rick,Schitos2.jpg,Spherocyte,2772,63,2069
158,rick,Schitos2.jpg,Spherocyte,2773,255,1183
159,rick,Schitos2.jpg,Spherocyte,2774,1034,237
160,rick,Schitos2.jpg,Schistocyte,2775,571,291
161,rick,Schitos.jpg,Schistocyte,2776,1675,1741
162,rick,Schitos.jpg,Schistocyte,2777,1636,1071
163,rick,Schitos.jpg,Schistocyte,2778,994,2118
164,rick,Schitos.jpg,Schistocyte,2779,572,2452
165,rick,Schitos.jpg,Schistocyte,2780,920,2628
166,rick,Schitos.jpg,Schistocyte,2781,1041,2726
167,rick,Schitos.jpg,Schistocyte,2782,2026,2689
168,rick,Schitos.jpg,Schistocyte,2783,2458,2607
169,rick,Schitos.jpg,Schistocyte,2784,2265,2589
170,rick,Schitos.jpg,Schistocyte,2785,2746,2650
171,rick,Schitos.jpg,Schistocyte,2786,2239,1961
172,rick,Schitos.jpg,Schistocyte,2787,1175,2080
173,rick,Schitos.jpg,Schistocyte,2788,1128,1960
174,rick,Schitos.jpg,Schistocyte,2789,827,1898
175,rick,Schitos.jpg,Schistocyte,2790,463,2181
176,rick,Schitos.jpg,Schistocyte,2791,298,2257
177,rick,Schitos.jpg,Schistocyte,2792,219,1909
178,rick,Schitos.jpg,Spherocyte,2793,944,1771
179,rick,Schitos.jpg,Schistocyte,2794,2102,1625
180,rick,Schitos.jpg,Schistocyte,2795,2620,1691
181,rick,Schitos.jpg,Schistocyte,2796,2823,1034
182,rick,Schitos.jpg,Schistocyte,2797,2008,1313
183,rick,Schitos.jpg,Schistocyte,2798,931,1075
184,rick,Schitos.jpg,Schistocyte,2799,706,1124
185,rick,Schitos.jpg,Schistocyte,2800,540,1068
186,rick,Schitos.jpg,Schistocyte,2801,1113,175
187,rick,Schitos.jpg,Schistocyte,2802,1419,357
188,rick,Schitos.jpg,Schistocyte,2803,1788,204
189,rick,Schitos.jpg,Schistocyte,2804,2437,336
190,rick,Schitos.jpg,Schistocyte,2805,2208,254
191,rick,Schitos.jpg,Spherocyte,2806,2167,639
192,rick,Schitos.jpg,Spherocyte,2807,2495,938
193,rick,Schitos.jpg,Spherocyte,2808,1481,2865
194,rick,Schitos.jpg,Spherocyte,2809,1294,2559
195,rick,Schitos.jpg,Target cell,2810,132,642
196,rick,Schitos.jpg,Schistocyte,2811,2418,877
197,rick,Schitos.jpg,Schistocyte,2812,2363,1452
198,rick,Schitos.jpg,Spherocyte,2813,1350,1466
199,rick,Schitos.jpg,Schistocyte,2814,2262,2833
200,rick,Schistos1.jpg,Schistocyte,2815,1720,823
201,rick,Schistos1.jpg,Schistocyte,2816,207,2384
202,rick,Schistos1.jpg,Schistocyte,2817,558,2198
203,rick,Schistos1.jpg,Schistocyte,2818,1082,2461
204,rick,Schistos1.jpg,Schistocyte,2819,1717,2509
205,rick,Schistos1.jpg,Schistocyte,2820,2050,2526
206,rick,Schistos1.jpg,Schistocyte,2821,2479,2393
207,rick,Schistos1.jpg,Schistocyte,2822,1612,2052
208,rick,Schistos1.jpg,Schistocyte,2823,1610,2010
209,rick,Schistos1.jpg,Schistocyte,2824,1452,2111
210,rick,Schistos1.jpg,Schistocyte,2825,978,2087
211,rick,Schistos1.jpg,Schistocyte,2826,816,2119
212,rick,Schistos1.jpg,Schistocyte,2827,683,2122
213,rick,Schistos1.jpg,Schistocyte,2828,519,1980
214,rick,Schistos1.jpg,Schistocyte,2829,600,1839
215,rick,Schistos1.jpg,Spherocyte,2830,605,1964
216,rick,Schistos1.jpg,Schistocyte,2831,138,1614
217,rick,Schistos1.jpg,Schistocyte,2832,2199,1549
218,rick,Schistos1.jpg,Schistocyte,2833,2415,1595
219,rick,Schistos1.jpg,Schistocyte,2834,2277,1452
220,rick,Schistos1.jpg,Schistocyte,2835,2319,1098
221,rick,Schistos1.jpg,Schistocyte,2836,2403,1112
222,rick,Schistos1.jpg,Schistocyte,2837,2753,937
223,rick,Schistos1.jpg,Schistocyte,2838,1951,1223
224,rick,Schistos1.jpg,Schistocyte,2839,1280,1468
225,rick,Schistos1.jpg,Schistocyte,2840,505,268
226,rick,Schistos1.jpg,Schistocyte,2842,798,507
227,rick,Schistos1.jpg,Schistocyte,2843,1049,418
228,rick,Schistos1.jpg,Spherocyte,2844,2722,708
229,rick,Schistos1.jpg,Spherocyte,2845,2277,126
230,rick,Schistos1.jpg,Spherocyte,2846,2126,126
231,rick,Schistos1.jpg,Schistocyte,2847,1519,43
232,rick,Schistos1.jpg,Schistocyte,2848,56,428
233,rick,Schistos1.jpg,Schistocyte,2849,26,703
234,rick,Schistos1.jpg,Schistocyte,2850,267,1299
235,rick,Schistos1.jpg,Schistocyte,2851,2192,2763
236,rick,Schistos1.jpg,Schistocyte,2852,2670,1852
237,rick,Schistos1.jpg,Schistocyte,2853,2422,742
238,rick,Schitos.jpg,Spherocyte,2899,1514,840
239,rick,Schitos.jpg,Target cell,2900,1444,1076
240,rick,Schitos.jpg,Schistocyte,2901,812,469
241,rick,Schitos.jpg,Schistocyte,2902,538,334
242,rick,Schitos.jpg,Schistocyte,2903,712,777
243,rick,Schitos.jpg,Schistocyte,2904,521,772
244,rick,Schitos.jpg,Schistocyte,2905,317,1854
245,rick,Schitos.jpg,Schistocyte,2906,492,1467
246,rick,Schitos.jpg,Schistocyte,2907,948,2230
247,rick,Schitos.jpg,Schistocyte,2908,2119,2697
248,rick,Schitos.jpg,Schistocyte,2909,208,2591
249,rick,Schitos.jpg,Schistocyte,2910,223,2687
250,rick,Schitos.jpg,Schistocyte,2911,168,2851
251,tommy,Schistocyte_04192016_1.jpg,Schistocyte,2912,1083,1512
252,tommy,Schistocyte_04192016_1.jpg,Schistocyte,2913,1633,1598
253,tommy,Schistocyte_04192016_1.jpg,Schistocyte,2914,1916,1595
254,tommy,Schistocyte_04192016_1.jpg,Schistocyte,2915,1614,1290
255,tommy,Schistocyte_04192016_1.jpg,Schistocyte,2916,934,1347
256,tommy,Schistocyte_04192016_1.jpg,Schistocyte,2917,908,1832
257,tommy,Schistocyte_04192016_1.jpg,Schistocyte,2918,593,1862
258,tommy,Schistocyte_04192016_1.jpg,Schistocyte,2919,623,1887
259,tommy,Schistocyte_04192016_1.jpg,Schistocyte,2920,940,1601
260,tommy,Schistocyte_04192016_1.jpg,Schistocyte,2921,1144,1725
261,tommy,Schistocyte_04192016_1.jpg,Schistocyte,2922,1141,1808
262,tommy,Schistocyte_04192016_1.jpg,Schistocyte,2923,301,1737
263,tommy,Schistocyte_04192016_1.jpg,Schistocyte,2924,160,1610
264,tommy,Schistocyte_04192016_1.jpg,Schistocyte,2925,313,1951
265,tommy,Schistocyte_04192016_1.jpg,Schistocyte,2926,404,1922
266,tommy,Schistocyte_04192016_1.jpg,Schistocyte,2927,261,2040
267,tommy,Schistocyte_04192016_1.jpg,Schistocyte,2928,318,2062
268,tommy,Schistocyte_04192016_1.jpg,Schistocyte,2929,97,1370
269,tommy,Schistocyte_04192016_1.jpg,Schistocyte,2930,47,1362
270,tommy,Schistocyte_04192016_1.jpg,Schistocyte,2931,388,1094
271,tommy,Schistocyte_04192016_1.jpg,Schistocyte,2932,700,1078
272,tommy,Schistocyte_04192016_1.jpg,Schistocyte,2933,1320,1125
273,tommy,Schistocyte_04192016_1.jpg,Schistocyte,2934,306,865
274,tommy,Schistocyte_04192016_1.jpg,Schistocyte,2935,887,865
275,tommy,Schistocyte_04192016_1.jpg,Schistocyte,2936,1040,1037
276,tommy,Schistocyte_04192016_1.jpg,Target cell,2937,1091,1178
277,tommy,Schistocyte_04192016_1.jpg,Schistocyte,2938,676,2288
278,tommy,Schistocyte_04192016_1.jpg,Schistocyte,2939,1081,2252
279,tommy,Schistocyte_04192016_1.jpg,Schistocyte,2940,937,2361
280,tommy,Schistocyte_04192016_1.jpg,Schistocyte,2941,488,2454
281,tommy,Schistocyte_04192016_1.jpg,Schistocyte,2942,324,2807
282,tommy,Schistocyte_04192016_1.jpg,Schistocyte,2943,77,2684
283,tommy,Schistocyte_04192016_1.jpg,Schistocyte,2944,170,2558
284,tommy,Schistocyte_04192016_1.jpg,Schistocyte,2945,1124,2761
285,tommy,Schistocyte_04192016_1.jpg,Schistocyte,2946,616,2520
286,tommy,Schistocyte_04192016_1.jpg,Schistocyte,2947,947,431
287,tommy,Schistocyte_04192016_1.jpg,Schistocyte,2948,1130,392
288,tommy,Schistocyte_04192016_1.jpg,Schistocyte,2949,67,218
289,tommy,Schistocyte_04192016_1.jpg,Schistocyte,2950,1697,202
290,tommy,Schistocyte_04192016_1.jpg,Schistocyte,2951,1850,642
291,tommy,Schistocyte_04192016_1.jpg,Schistocyte,2952,1870,1065
292,tommy,Schistocyte_04192016_1.jpg,Schistocyte,2953,2048,920
293,tommy,Schistocyte_04192016_1.jpg,Schistocyte,2954,2316,885
294,tommy,Schistocyte_04192016_1.jpg,Schistocyte,2955,2016,54
295,tommy,Schistocyte_04192016_1.jpg,Schistocyte,2956,2693,1557
296,tommy,Schistocyte_04192016_1.jpg,Schistocyte,2957,1953,2544
297,tommy,Schistocyte_04192016_1.jpg,Schistocyte,2958,2788,2544
298,tommy,Schistocyte_04192016_1.jpg,Schistocyte,2959,2267,2300
299,tommy,Schistocyte_04192016_1.jpg,Schistocyte,2960,1350,2261
300,tommy,Schistocyte_04192016_2.jpg,Schistocyte,2961,1095,1059
301,tommy,Schistocyte_04192016_2.jpg,Schistocyte,2962,1158,1214
302,tommy,Schistocyte_04192016_2.jpg,Schistocyte,2963,708,1229
303,tommy,Schistocyte_04192016_2.jpg,Schistocyte,2964,221,886
304,tommy,Schistocyte_04192016_2.jpg,Schistocyte,2965,750,435
305,tommy,Schistocyte_04192016_2.jpg,Schistocyte,2966,393,275
306,tommy,Schistocyte_04192016_2.jpg,Schistocyte,2967,191,401
307,tommy,Schistocyte_04192016_2.jpg,Schistocyte,2968,1530,365
308,tommy,Schistocyte_04192016_2.jpg,Schistocyte,2969,2361,776
309,tommy,Schistocyte_04192016_2.jpg,Schistocyte,2970,2345,1352
310,tommy,Schistocyte_04192016_4.jpg,Schistocyte,2971,580,1795
311,tommy,Schistocyte_04192016_4.jpg,Schistocyte,2972,1283,1878
312,tommy,Schistocyte_04192016_4.jpg,Schistocyte,2973,1093,2001
313,tommy,Schistocyte_04192016_4.jpg,Schistocyte,2974,507,2048
314,tommy,Schistocyte_04192016_4.jpg,Schistocyte,2975,338,2321
315,tommy,Schistocyte_04192016_4.jpg,Schistocyte,2976,428,2088
316,tommy,Schistocyte_04192016_4.jpg,Schistocyte,2977,1432,2385
317,tommy,Schistocyte_04192016_4.jpg,Schistocyte,2978,1722,2520
318,tommy,Schistocyte_04192016_8.jpg,Schistocyte,2979,2145,1190
319,tommy,Schistocyte_04192016_8.jpg,Schistocyte,2980,2053,1250
320,tommy,Schistocyte_04192016_8.jpg,Schistocyte,2981,2174,1289
321,tommy,Schistocyte_04192016_8.jpg,Schistocyte,2982,2295,1335
322,tommy,Schistocyte_04192016_8.jpg,Schistocyte,2983,1992,1122
323,tommy,Schistocyte_04192016_8.jpg,Schistocyte,2984,1678,992
324,tommy,Schistocyte_04192016_8.jpg,Schistocyte,2985,1559,1281
325,tommy,Schistocyte_04192016_8.jpg,Schistocyte,2986,1191,1060
326,tommy,Schistocyte_04192016_8.jpg,Schistocyte,2987,1215,1171
327,tommy,Schistocyte_04192016_8.jpg,Schistocyte,2988,896,1187
328,tommy,Schistocyte_04192016_8.jpg,Schistocyte,2989,1130,1224
329,tommy,Schistocyte_04192016_8.jpg,Schistocyte,2990,475,896
330,tommy,Schistocyte_04192016_8.jpg,Schistocyte,2991,407,908
331,tommy,Schistocyte_04192016_8.jpg,Schistocyte,2992,274,1187
332,tommy,Schistocyte_04192016_8.jpg,Schistocyte,2993,252,1108
333,tommy,Schistocyte_04192016_8.jpg,Schistocyte,2994,159,1245
334,tommy,Schistocyte_04192016_8.jpg,Schistocyte,2995,116,1104
335,tommy,Schistocyte_04192016_8.jpg,Schistocyte,2996,532,1728
336,tommy,Schistocyte_04192016_8.jpg,Schistocyte,2997,142,1784
337,tommy,Schistocyte_04192016_8.jpg,Schistocyte,2998,111,1839
338,tommy,Schistocyte_04192016_8.jpg,Schistocyte,2999,98,1878
339,tommy,Schistocyte_04192016_8.jpg,Schistocyte,3000,75,1804
340,tommy,Schistocyte_04192016_8.jpg,Schistocyte,3001,408,2027
341,tommy,Schistocyte_04192016_8.jpg,Schistocyte,3002,133,1939
342,tommy,Schistocyte_04192016_8.jpg,Schistocyte,3003,330,1890
343,tommy,Schistocyte_04192016_8.jpg,Schistocyte,3004,727,1973
344,tommy,Schistocyte_04192016_8.jpg,Schistocyte,3005,763,2211
345,tommy,Schistocyte_04192016_8.jpg,Schistocyte,3006,289,2357
346,tommy,Schistocyte_04192016_8.jpg,Schistocyte,3007,810,2584
347,tommy,Schistocyte_04192016_8.jpg,Schistocyte,3008,801,2707
348,tommy,Schistocyte_04192016_8.jpg,Schistocyte,3009,801,2707
349,tommy,Schistocyte_04192016_8.jpg,Schistocyte,3010,944,2588
350,tommy,Schistocyte_04192016_8.jpg,Schistocyte,3011,1260,2018
351,tommy,Schistocyte_04192016_8.jpg,Schistocyte,3012,1017,1796
352,tommy,Schistocyte_04192016_8.jpg,Schistocyte,3013,1548,1655
353,tommy,Schistocyte_04192016_8.jpg,Schistocyte,3014,1636,1593
354,tommy,Schistocyte_04192016_8.jpg,Schistocyte,3015,1984,1748
355,tommy,Schistocyte_04192016_8.jpg,Schistocyte,3016,2057,1793
356,tommy,Schistocyte_04192016_8.jpg,Schistocyte,3017,2053,1604
357,tommy,Schistocyte_04192016_8.jpg,Schistocyte,3018,2171,1936
358,tommy,Schistocyte_04192016_8.jpg,Schistocyte,3019,2613,2121
359,tommy,Schistocyte_04192016_8.jpg,Schistocyte,3020,2750,2083
360,tommy,Schistocyte_04192016_8.jpg,Schistocyte,3021,2724,2044
361,tommy,Schistocyte_04192016_8.jpg,Schistocyte,3022,2534,2285
362,tommy,Schistocyte_04192016_8.jpg,Schistocyte,3023,2704,2271
363,tommy,Schistocyte_04192016_8.jpg,Schistocyte,3024,2409,1892
364,tommy,Schistocyte_04192016_8.jpg,Schistocyte,3025,2400,1706
365,tommy,Schistocyte_04192016_8.jpg,Schistocyte,3026,2474,1666
366,tommy,Schistocyte_04192016_8.jpg,Schistocyte,3027,2448,1602
367,tommy,Schistocyte_04192016_8.jpg,Schistocyte,3028,2262,1144
368,tommy,Schistocyte_04192016_8.jpg,Schistocyte,3029,2359,954
369,tommy,Schistocyte_04192016_8.jpg,Schistocyte,3030,2594,829
370,tommy,Schistocyte_04192016_8.jpg,Schistocyte,3031,2585,365
371,tommy,Schistocyte_04192016_8.jpg,Schistocyte,3032,1498,638
372,tommy,Schistocyte_04192016_8.jpg,Schistocyte,3033,617,443
373,tommy,Schistocyte_04192016_8.jpg,Schistocyte,3034,824,344
374,tommy,Schistocyte_04192016_8.jpg,Schistocyte,3035,139,381
375,tommy,Schistocyte_04192016_8.jpg,Schistocyte,3036,107,1422
376,tommy,Schistocyte_04192016_8.jpg,Schistocyte,3037,164,2138
377,tommy,Schistocyte_04192016_3.jpg,Schistocyte,3038,1343,1862
378,tommy,Schistocyte_04192016_3.jpg,Schistocyte,3039,132,1792
379,tommy,Schistocyte_04192016_3.jpg,Schistocyte,3040,179,1754
380,tommy,Schistocyte_04192016_3.jpg,Schistocyte,3041,122,746
381,tommy,Schistocyte_04192016_3.jpg,Schistocyte,3042,54,624
382,tommy,Schistocyte_04192016_3.jpg,Schistocyte,3043,167,544
383,tommy,Schistocyte_04192016_3.jpg,Schistocyte,3044,1164,558
384,tommy,Schistocyte_04192016_3.jpg,Schistocyte,3045,665,558
385,tommy,Schistocyte_04192016_3.jpg,Schistocyte,3046,765,571
386,tommy,Schistocyte_04192016_3.jpg,Schistocyte,3047,743,808
387,tommy,Schistocyte_04192016_3.jpg,Schistocyte,3048,485,969
388,tommy,Schistocyte_04192016_3.jpg,Schistocyte,3049,345,1214
389,tommy,Schistocyte_04192016_3.jpg,Schistocyte,3050,634,2028
390,tommy,Schistocyte_04192016_3.jpg,Schistocyte,3051,308,2659
391,tommy,Schistocyte_04192016_3.jpg,Schistocyte,3052,270,2784
392,tommy,Schistocyte_04192016_3.jpg,Schistocyte,3053,1000,2438
393,tommy,Schistocyte_04192016_3.jpg,Schistocyte,3054,1352,2673
394,tommy,Schistocyte_04192016_3.jpg,Schistocyte,3055,1337,1948
395,tommy,Schistocyte_04192016_3.jpg,Schistocyte,3056,1757,2519
396,tommy,Schistocyte_04192016_3.jpg,Schistocyte,3057,1618,2663
397,tommy,Schistocyte_04192016_3.jpg,Schistocyte,3058,2578,1853
398,tommy,Schistocyte_04192016_3.jpg,Schistocyte,3059,2588,1513
399,tommy,Schistocyte_04192016_3.jpg,Schistocyte,3060,2504,1676
400,tommy,Schistocyte_04192016_3.jpg,Schistocyte,3061,2228,1178
401,tommy,Schistocyte_04192016_3.jpg,Schistocyte,3062,2737,624
402,tommy,Schistocyte_04192016_3.jpg,Schistocyte,3063,2418,416
403,tommy,Schistocyte_04192016_3.jpg,Schistocyte,3064,1559,157
404,tommy,Schistocyte_04192016_3.jpg,Schistocyte,3065,2055,613
405,tommy,Schistocyte_04192016_3.jpg,Schistocyte,3066,839,236
406,tommy,Schistocyte_04192016_4.jpg,Schistocyte,3067,916,1260
407,tommy,Schistocyte_04192016_4.jpg,Schistocyte,3068,324,1305
408,tommy,Schistocyte_04192016_4.jpg,Schistocyte,3069,570,1181
409,tommy,Schistocyte_04192016_4.jpg,Schistocyte,3070,78,516
410,tommy,Schistocyte_04192016_4.jpg,Schistocyte,3071,184,128
411,tommy,Schistocyte_04192016_4.jpg,Schistocyte,3072,789,188
412,tommy,Schistocyte_04192016_4.jpg,Schistocyte,3073,1170,320
413,tommy,Schistocyte_04192016_4.jpg,Schistocyte,3074,1389,179
414,tommy,Schistocyte_04192016_4.jpg,Schistocyte,3075,1223,539
415,tommy,Schistocyte_04192016_4.jpg,Schistocyte,3076,1843,349
416,tommy,Schistocyte_04192016_4.jpg,Schistocyte,3077,2433,1088
417,tommy,Schistocyte_04192016_4.jpg,Schistocyte,3078,2364,1195
418,tommy,Schistocyte_04192016_4.jpg,Schistocyte,3079,2360,1406
419,tommy,Schistocyte_04192016_4.jpg,Schistocyte,3080,2521,1645
420,tommy,Schistocyte_04192016_4.jpg,Schistocyte,3081,1935,1655
421,tommy,Schistocyte_04192016_4.jpg,Schistocyte,3082,1825,2043
422,tommy,Schistocyte_04192016_4.jpg,Schistocyte,3083,2380,2458
423,tommy,Schistocyte_04192016_4.jpg,Schistocyte,3084,1460,2463
424,tommy,Schistocyte_04192016_4.jpg,Schistocyte,3085,639,2658
425,tommy,Schistocyte_04192016_5.jpg,Schistocyte,3086,324,2017
426,tommy,Schistocyte_04192016_5.jpg,Schistocyte,3087,1878,2293
427,tommy,Schistocyte_04192016_5.jpg,Schistocyte,3088,1842,2195
428,tommy,Schistocyte_04192016_5.jpg,Schistocyte,3089,1891,2187
429,tommy,Schistocyte_04192016_6.jpg,Schistocyte,3090,2096,1511
430,tommy,Schistocyte_04192016_6.jpg,Schistocyte,3091,1526,1226
431,tommy,Schistocyte_04192016_6.jpg,Schistocyte,3092,1676,1211
432,tommy,Schistocyte_04192016_6.jpg,Schistocyte,3093,2014,1022
433,tommy,Schistocyte_04192016_6.jpg,Schistocyte,3094,2669,1506
434,tommy,Schistocyte_04192016_6.jpg,Schistocyte,3095,2028,2279
435,tommy,Schistocyte_04192016_6.jpg,Schistocyte,3096,2016,2222
436,tommy,Schistocyte_04192016_6.jpg,Schistocyte,3097,2068,2182
437,tommy,Schistocyte_04192016_6.jpg,Schistocyte,3098,2186,2297
438,tommy,Schistocyte_04192016_6.jpg,Schistocyte,3099,2154,2093
439,tommy,Schistocyte_04192016_6.jpg,Schistocyte,3100,2238,1804
440,tommy,Schistocyte_04192016_6.jpg,Schistocyte,3101,1872,1376
441,tommy,Schistocyte_04192016_6.jpg,Schistocyte,3102,1928,1404
442,tommy,Schistocyte_04192016_6.jpg,Schistocyte,3103,1180,1021
443,tommy,Schistocyte_04192016_6.jpg,Schistocyte,3104,1721,996
444,tommy,Schistocyte_04192016_6.jpg,Schistocyte,3105,1686,449
445,tommy,Schistocyte_04192016_6.jpg,Schistocyte,3106,1465,330
446,tommy,Schistocyte_04192016_6.jpg,Schistocyte,3107,803,405
447,tommy,Schistocyte_04192016_6.jpg,Schistocyte,3108,651,419
448,tommy,Schistocyte_04192016_6.jpg,Schistocyte,3109,2770,666
449,tommy,Schistocyte_04192016_6.jpg,Schistocyte,3110,2091,801
450,tommy,Schistocyte_04192016_6.jpg,Schistocyte,3111,2618,1165
451,tommy,Schistocyte_04192016_6.jpg,Schistocyte,3113,2203,2481
452,tommy,Schistocyte_04192016_6.jpg,Schistocyte,3114,2511,2469
453,tommy,Schistocyte_04192016_6.jpg,Schistocyte,3115,2127,2694
454,tommy,Schistocyte_04192016_6.jpg,Schistocyte,3116,1177,2045
455,tommy,Schistocyte_04192016_6.jpg,Schistocyte,3117,639,2498
456,tommy,Schistocyte_04192016_6.jpg,Schistocyte,3118,510,2412
457,tommy,Schistocyte_04192016_6.jpg,Schistocyte,3119,873,2420
458,tommy,Schistocyte_04192016_6.jpg,Schistocyte,3120,337,1985
459,tommy,Schistocyte_04192016_6.jpg,Schistocyte,3121,170,1966
460,tommy,Schistocyte_04192016_6.jpg,Schistocyte,3122,803,1510
461,tommy,Schistocyte_04192016_6.jpg,Schistocyte,3123,207,1568
462,tommy,Schistocyte_04192016_6.jpg,Schistocyte,3124,545,1197
463,tommy,Schistocyte_04192016_6.jpg,Schistocyte,3125,591,835
464,tommy,Schistocyte_04192016_6.jpg,Schistocyte,3126,94,83
465,tommy,Schistocyte_04192016_6.jpg,Schistocyte,3127,2367,695
466,tommy,Schistocyte_04192016_6.jpg,Schistocyte,3128,1962,1023
467,tommy,Schistocyte_04192016_6.jpg,Schistocyte,3129,680,1359
468,tommy,Schistocyte_04192016_6.jpg,Schistocyte,3130,740,1146
469,tommy,Schistocyte_04192016_6.jpg,Schistocyte,3131,102,886
470,rick,Schistocyte_04192016_7.jpg,Schistocyte,3132,859,1670
471,rick,Schistocyte_04192016_7.jpg,Schistocyte,3133,550,1654
472,rick,Schistocyte_04192016_7.jpg,Schistocyte,3134,507,1621
473,rick,Schistocyte_04192016_7.jpg,Schistocyte,3135,564,1928
474,rick,Schistocyte_04192016_7.jpg,Schistocyte,3136,647,2019
475,rick,Schistocyte_04192016_7.jpg,Schistocyte,3137,1078,1645
476,rick,Schistocyte_04192016_7.jpg,Schistocyte,3138,1528,1585
477,rick,Schistocyte_04192016_7.jpg,Schistocyte,3139,1487,1851
478,rick,Schistocyte_04192016_7.jpg,Schistocyte,3140,1565,2000
479,rick,Schistocyte_04192016_7.jpg,Schistocyte,3141,1717,1880
480,rick,Schistocyte_04192016_7.jpg,Schistocyte,3142,1594,2215
481,rick,Schistocyte_04192016_7.jpg,Schistocyte,3143,1785,2397
482,rick,Schistocyte_04192016_7.jpg,Schistocyte,3144,650,2485
483,rick,Schistocyte_04192016_7.jpg,Schistocyte,3145,249,2461
484,rick,Schistocyte_04192016_7.jpg,Schistocyte,3146,42,2530
485,rick,Schistocyte_04192016_7.jpg,Schistocyte,3147,254,2184
486,rick,Schistocyte_04192016_7.jpg,Schistocyte,3148,168,2132
487,rick,Schistocyte_04192016_7.jpg,Schistocyte,3149,1130,2579
488,rick,Schistocyte_04192016_7.jpg,Schistocyte,3150,1679,2598
489,rick,Schistocyte_04192016_7.jpg,Schistocyte,3151,1754,2841
490,rick,Schistocyte_04192016_7.jpg,Schistocyte,3152,2299,2637
491,rick,Schistocyte_04192016_7.jpg,Schistocyte,3153,2661,2218
492,rick,Schistocyte_04192016_7.jpg,Schistocyte,3155,2362,1759
493,rick,Schistocyte_04192016_7.jpg,Schistocyte,3156,2529,1917
494,rick,Schistocyte_04192016_7.jpg,Schistocyte,3157,2787,2052
495,rick,Schistocyte_04192016_7.jpg,Schistocyte,3158,2282,1756
496,rick,Schistocyte_04192016_7.jpg,Schistocyte,3159,2538,1589
497,rick,Schistocyte_04192016_7.jpg,Schistocyte,3160,1006,1700
498,rick,Schistocyte_04192016_7.jpg,Schistocyte,3161,370,1712
499,rick,Schistocyte_04192016_7.jpg,Schistocyte,3162,61,1731
500,rick,Schistocyte_04192016_7.jpg,Schistocyte,3163,818,1315
501,rick,Schistocyte_04192016_7.jpg,Schistocyte,3164,1685,1252
502,rick,Schistocyte_04192016_7.jpg,Schistocyte,3165,1359,1168
503,rick,Schistocyte_04192016_7.jpg,Schistocyte,3166,1478,1111
504,rick,Schistocyte_04192016_7.jpg,Schistocyte,3167,2659,576
505,rick,Schistocyte_04192016_7.jpg,Schistocyte,3168,2408,655
506,rick,Schistocyte_04192016_7.jpg,Schistocyte,3169,2456,769
507,rick,Schistocyte_04192016_7.jpg,Schistocyte,3170,2447,802
508,rick,Schistocyte_04192016_7.jpg,Schistocyte,3171,1568,766
509,rick,Schistocyte_04192016_7.jpg,Schistocyte,3172,1605,691
510,rick,Schistocyte_04192016_7.jpg,Schistocyte,3173,1554,532
511,rick,Schistocyte_04192016_7.jpg,Schistocyte,3174,1607,496
512,rick,Schistocyte_04192016_7.jpg,Schistocyte,3175,1696,510
513,rick,Schistocyte_04192016_7.jpg,Schistocyte,3176,1942,521
514,rick,Schistocyte_04192016_7.jpg,Schistocyte,3177,1611,339
515,rick,Schistocyte_04192016_7.jpg,Schistocyte,3178,1620,201
516,rick,Schistocyte_04192016_7.jpg,Schistocyte,3179,1150,572
517,rick,Schistocyte_04192016_7.jpg,Schistocyte,3180,1028,675
518,rick,Schistocyte_04192016_7.jpg,Schistocyte,3181,1052,508
519,rick,Schistocyte_04192016_7.jpg,Schistocyte,3182,599,664
520,rick,Schistocyte_04192016_7.jpg,Schistocyte,3183,337,776
521,rick,Schistocyte_04192016_7.jpg,Schistocyte,3184,214,477
522,rick,Schistocyte_04192016_7.jpg,Schistocyte,3185,295,545
523,rick,Schistocyte_04192016_7.jpg,Schistocyte,3186,41,252
524,rick,Schistocyte_04192016_7.jpg,Schistocyte,3187,842,192
525,rick,Schistocyte_04192016_7.jpg,Schistocyte,3188,1070,139
526,rick,Schistocyte_04192016_7.jpg,Schistocyte,3189,1586,39
527,rick,Schistocyte_04192016_7.jpg,Schistocyte,3190,1621,47
528,rick,Schistocyte_04192016_7.jpg,Schistocyte,3191,1902,124
529,rick,Schistocyte_04192016_7.jpg,Schistocyte,3192,1965,170
530,rick,Schistocyte_04192016_7.jpg,Schistocyte,3193,2216,89
531,rick,Schistocyte_04192016_7.jpg,Schistocyte,3194,2207,287
532,rick,Schistocyte_04192016_7.jpg,Schistocyte,3195,2292,410
533,rick,Schistocyte_04192016_7.jpg,Schistocyte,3196,2280,382
534,rick,Schistocyte_04192016_7.jpg,Schistocyte,3197,2858,66
535,rick,Schistocyte_04192016_7.jpg,Schistocyte,3198,2666,94
536,rick,Schistocyte_04192016_7.jpg,Schistocyte,3199,2631,415
537,rick,Schistocyte_04192016_7.jpg,Schistocyte,3200,2148,1057
538,rick,Schistocyte_04192016_7.jpg,Schistocyte,3201,1972,994
539,rick,Schistocyte_04192016_7.jpg,Schistocyte,3202,1856,966
540,rick,Schistocyte_04192016_7.jpg,Schistocyte,3203,2149,790
541,rick,Schistocyte_04192016_7.jpg,Schistocyte,3204,1861,841
542,rick,Schistocyte_04192016_7.jpg,Schistocyte,3205,1589,1004
543,rick,Schistocyte_04192016_7.jpg,Schistocyte,3207,455,1289
544,rick,Schistocyte_04192016_7.jpg,Schistocyte,3208,306,2029
545,rick,Schistocyte_04192016_7.jpg,Schistocyte,3209,345,2176
546,rick,Schistocyte_04192016_7.jpg,Schistocyte,3210,298,2168
547,rick,Schistocyte_04192016_7.jpg,Spherocyte,3211,1415,2667
548,rick,Schistocyte_04192016_7.jpg,Spherocyte,3212,1170,2400
549,rick,Schistocyte_04192016_7.jpg,Spherocyte,3213,1026,2297
550,rick,Schistocyte_04192016_7.jpg,Spherocyte,3214,1826,2196
551,rick,Schistocyte_04192016_7.jpg,Spherocyte,3215,1811,2057
552,rick,Schistocyte_04192016_7.jpg,Spherocyte,3216,2258,1900
553,rick,Schistocyte_04192016_7.jpg,Spherocyte,3217,2125,1802
554,rick,Schistocyte_04192016_7.jpg,Spherocyte,3218,2261,2024
555,rick,Schistocyte_04192016_7.jpg,Spherocyte,3219,2320,1490
556,rick,Schistocyte_04192016_7.jpg,Spherocyte,3220,2569,819
557,rick,Schistocyte_04192016_7.jpg,Schistocyte,3221,260,744
558,rick,Schistocyte_04192016_1.jpg,Schistocyte,3222,592,1864
559,rick,Schistocyte_04192016_1.jpg,Schistocyte,3223,259,2043
560,rick,Schistocyte_04192016_1.jpg,Schistocyte,3224,305,1733
561,rick,Schistocyte_04192016_1.jpg,Schistocyte,3225,625,1888
562,rick,Schistocyte_04192016_1.jpg,Schistocyte,3226,908,1837
563,rick,Schistocyte_04192016_1.jpg,Schistocyte,3227,980,1894
564,rick,Schistocyte_04192016_1.jpg,Schistocyte,3228,671,2290
565,rick,Schistocyte_04192016_1.jpg,Schistocyte,3229,1130,2760
566,rick,Schistocyte_04192016_1.jpg,Schistocyte,3230,825,2861
567,rick,Schistocyte_04192016_1.jpg,Schistocyte,3231,1959,2548
568,rick,Schistocyte_04192016_1.jpg,Schistocyte,3232,2750,2309
569,rick,Schistocyte_04192016_1.jpg,Schistocyte,3233,2789,2541
570,rick,Schistocyte_04192016_1.jpg,Schistocyte,3235,2266,2307
571,rick,Schistocyte_04192016_1.jpg,Schistocyte,3236,2410,2292
572,rick,Schistocyte_04192016_1.jpg,Schistocyte,3237,1962,2133
573,rick,Schistocyte_04192016_1.jpg,Schistocyte,3238,1943,1850
574,rick,Schistocyte_04192016_1.jpg,Schistocyte,3239,1251,1823
575,rick,Schistocyte_04192016_1.jpg,Schistocyte,3240,1201,1753
576,rick,Schistocyte_04192016_1.jpg,Schistocyte,3241,1090,1513
577,rick,Schistocyte_04192016_1.jpg,Schistocyte,3242,938,1352
578,rick,Schistocyte_04192016_1.jpg,Schistocyte,3243,58,1805
579,rick,Schistocyte_04192016_1.jpg,Schistocyte,3244,100,1369
580,rick,Schistocyte_04192016_1.jpg,Schistocyte,3245,46,1362
581,rick,Schistocyte_04192016_1.jpg,Schistocyte,3246,394,1091
582,rick,Schistocyte_04192016_1.jpg,Schistocyte,3247,309,868
583,rick,Schistocyte_04192016_1.jpg,Schistocyte,3248,930,629
584,rick,Schistocyte_04192016_1.jpg,Schistocyte,3249,1353,756
585,rick,Schistocyte_04192016_1.jpg,Schistocyte,3250,952,430
586,rick,Schistocyte_04192016_1.jpg,Schistocyte,3251,610,76
587,rick,Schistocyte_04192016_1.jpg,Schistocyte,3252,1216,186
588,rick,Schistocyte_04192016_1.jpg,Schistocyte,3253,1166,229
589,rick,Schistocyte_04192016_1.jpg,Schistocyte,3254,1697,207
590,rick,Schistocyte_04192016_1.jpg,Schistocyte,3255,1953,184
591,rick,Schistocyte_04192016_1.jpg,Schistocyte,3256,1962,114
592,rick,Schistocyte_04192016_1.jpg,Schistocyte,3257,2024,56
593,rick,Schistocyte_04192016_1.jpg,Schistocyte,3258,2119,368
594,rick,Schistocyte_04192016_1.jpg,Schistocyte,3259,2773,411
595,rick,Schistocyte_04192016_1.jpg,Schistocyte,3260,2829,217
596,rick,Schistocyte_04192016_1.jpg,Schistocyte,3261,2597,67
597,rick,Schistocyte_04192016_1.jpg,Schistocyte,3262,2317,884
598,rick,Schistocyte_04192016_1.jpg,Spherocyte,3263,2486,1082
599,rick,Schistocyte_04192016_1.jpg,Spherocyte,3264,2374,1005
600,rick,Schistocyte_04192016_1.jpg,Spherocyte,3265,2234,1326
601,rick,Schistocyte_04192016_1.jpg,Schistocyte,3266,1143,1809
602,rick,Schistocyte_04192016_1.jpg,Schistocyte,3267,1177,1625
603,rick,Schistocyte_04192016_1.jpg,Schistocyte,3268,883,1608
604,rick,Schistocyte_04192016_1.jpg,Schistocyte,3269,1079,2252
605,rick,Schistocyte_04192016_1.jpg,Schistocyte,3270,1163,2372
606,rick,Schistocyte_04192016_1.jpg,Schistocyte,3271,1316,2122
607,rick,Schistocyte_04192016_1.jpg,Schistocyte,3272,1596,2017
608,rick,Schistocyte_04192016_1.jpg,Schistocyte,3273,1140,2205
609,rick,Schistocyte_04192016_1.jpg,Schistocyte,3274,537,2689
610,rick,Schistocyte_04192016_1.jpg,Schistocyte,3275,322,2805
611,rick,Schistocyte_04192016_1.jpg,Schistocyte,3276,206,2577
612,rick,Schistocyte_04192016_1.jpg,Schistocyte,3277,167,2557
613,rick,Schistocyte_04192016_1.jpg,Schistocyte,3278,72,2682
614,rick,Schistocyte_04192016_1.jpg,Schistocyte,3279,317,1952
615,rick,Schistocyte_04192016_1.jpg,Schistocyte,3280,406,1919
616,rick,Schistocyte_04192016_1.jpg,Schistocyte,3281,1632,1599
617,rick,Schistocyte_04192016_1.jpg,Schistocyte,3282,2786,1906
618,rick,Schistocyte_04192016_1.jpg,Schistocyte,3283,2448,2713
619,rick,Schistocyte_04192016_1.jpg,Schistocyte,3284,2393,2732
620,rick,Schistocyte_04192016_1.jpg,Spherocyte,3285,1593,2715
621,rick,Schistocyte_04192016_1.jpg,Spherocyte,3286,581,2702
622,rick,Schistocyte_04192016_1.jpg,Spherocyte,3287,407,2192
623,rick,Schistocyte_04192016_1.jpg,Spherocyte,3288,570,1791
624,rick,Schistocyte_04192016_1.jpg,Spherocyte,3289,1886,125
625,tommy,Schistocyte_04192016_1.jpg,Schistocyte,3314,1590,2016
626,tommy,Schistocyte_04192016_1.jpg,Schistocyte,3315,2048,1722
627,rick,Schistocytes - 762500869HV_001.jpg,Elliptocyte,3342,1216,1345
628,rick,Schistocytes - 762500869HV_001.jpg,Stomatocyte,3343,713,561
629,rick,Schistocytes - 762500869HV_001.jpg,Elliptocyte,3344,362,1009
630,rick,Schistocytes - 762500869HV_001.jpg,Elliptocyte,3345,1658,2520
631,rick,Schistocytes - 762500869HV_001.jpg,Elliptocyte,3346,2266,2741
632,rick,Schistocytes - 762500869HV_001.jpg,Elliptocyte,3347,2711,2085
633,rick,Schistocytes - 762500869HV_001.jpg,Elliptocyte,3348,1159,2039
634,rick,Schistocytes - 762500869HV_001.jpg,Elliptocyte,3349,234,134
635,rick,Schistocytes - 762500869HV_001.jpg,Elliptocyte,3350,661,535
636,rick,Schistocytes - 762500869HV_001.jpg,Stomatocyte,3351,799,258
637,rick,Schistocytes - 762500869HV_001.jpg,Dacrocyte,3352,2554,351
638,rick,Schistocytes - 762500869HV_001.jpg,Dacrocyte,3353,2272,781
639,rick,Schistocytes - 762500869HV_001.jpg,Schistocyte,3354,2793,939
640,rick,Schistocytes - 762500869HV_001.jpg,Elliptocyte,3355,2584,956
641,rick,Schistocytes - 762500869HV_001.jpg,Elliptocyte,3356,1467,913
642,rick,Schistocytes - 762500869HV_001.jpg,Elliptocyte,3357,752,840
643,rick,Schistocytes - 762500869HV_001.jpg,Stomatocyte,3358,874,715
644,rick,Schistocytes - 762500869HV_001.jpg,Schistocyte,3359,475,1299
645,rick,Schistocytes - 762500869HV_001.jpg,Schistocyte,3360,2385,1801
646,rick,Schistocytes - 762500869HV_001.jpg,Stomatocyte,3361,531,1984
647,rick,Schistocytes - 762500869HV_001.jpg,Stomatocyte,3362,119,2204
648,rick,Schistocytes - 762500869HV_001.jpg,Schistocyte,3363,2008,2185
649,rick,Schistocytes - 762500869HV_001.jpg,Schistocyte,3364,2361,2434
650,rick,Schistocytes - 762500869HV_001.jpg,Schistocyte,3365,1642,2188
651,rick,Schistocytes - 762501373HV_001.jpg,Schistocyte,3366,1293,2732
652,rick,Schistocytes - 762501373HV_001.jpg,Schistocyte,3367,1361,2798
653,rick,Schistocytes - 762501373HV_001.jpg,Schistocyte,3368,1627,2647
654,rick,Schistocytes - 762501373HV_001.jpg,Schistocyte,3369,1268,2087
655,rick,Schistocytes - 762501373HV_001.jpg,Schistocyte,3370,1427,1700
656,rick,Schistocytes - 762501373HV_001.jpg,Dacrocyte,3371,987,1680
657,rick,Schistocytes - 762501373HV_001.jpg,Elliptocyte,3372,2794,1282
658,rick,Schistocytes - 762501373HV_001.jpg,NORMAL,3373,688,1056
659,rick,Schistocytes - 762501373HV_001.jpg,Elliptocyte,3374,923,1117
660,rick,Schistocytes - 762501373HV_001.jpg,Dacrocyte,3375,2130,917
661,rick,Schistocytes - 762501373HV_001.jpg,Target cell,3376,2441,432
662,rick,Schistocytes - 762501373HV_001.jpg,Echinocyte,3377,1248,2751
663,rick,Schistocytes - 762501373HV_001.jpg,Echinocyte,3378,1304,970
